Num	Codon	Coverage
0	ATG	265
1	GCG	372
2	CGT	53
3	ACG	612
4	AAG	1773
5	CAG	4146
6	ACT	1548
7	GCT	3380
8	CGC	2477
9	AAG	669
10	TCC	1139
11	ACC	91
12	GGC	247
13	GGC	1218
14	AAG	469
15	GCT	210
16	CCG	115
17	CGC	20
18	AAG	142
19	CAG	442
20	CTG	0
21	GCC	19
22	ACC	109
23	AAG	25
24	GCG	11
25	GCT	256
26	CGG	387
27	AAG	144
28	AGC	22
29	GCT	98
30	CCG	37
31	GCC	122
32	ACC	43
33	GGC	964
34	GGT	68
35	GTC	333
36	AAG	112
37	AAG	60
38	CCC	43
39	CAT	314
40	CGC	122
41	TAT	35
42	CGG	64
43	CCT	266
44	GGT	459
45	ACA	592
46	GTG	105
47	GCT	299
48	CTC	212
49	CGC	123
50	GAG	110
51	ATT	90
52	CGC	104
53	CGC	31
54	TAC	15
55	CAG	1271
56	AAG	170
57	TCC	157
58	ACC	110
59	GAG	138
60	CTG	166
61	CTG	597
62	ATC	120
63	AGA	18
64	AAG	41
65	CTG	74
66	CCT	130
67	TTT	30
68	CAG	449
69	CGT	112
70	CTG	235
71	GTG	398
72	CGT	94
73	GAG	103
74	ATC	13
75	GCG	15
76	CAG	6
77	GAC	44
78	TTC	42
79	AAG	48
80	ACC	176
81	GAC	276
82	TTG	202
83	CGC	205
84	TTC	85
85	CAG	122
86	AGC	157
87	TCC	18
88	GCG	51
89	GTG	226
90	ATG	28
91	GCG	83
92	CTG	56
93	CAA	48
94	GAG	67
95	GCA	69
96	TGC	13
97	GAG	186
98	GCC	12
99	TAC	6
100	CTG	5
101	GTG	127
102	GGG	151
103	CTC	77
104	TTT	1
105	GAG	238
106	GAC	59
107	ACC	58
108	AAC	79
109	CTG	105
110	TGC	29
111	GCC	173
112	ATC	130
113	CAC	15
114	GCC	12
115	AAG	63
116	CGG	234
117	GTG	270
118	ACT	186
119	ATC	194
120	ATG	46
121	CCC	108
122	AAG	675
123	GAC	302
124	ATC	49
125	CAG	155
126	CTC	45
127	GCA	45
128	CGT	35
129	CGT	3
130	ATC	18
131	CGC	56
132	GGC	39
133	GAG	31
134	AGG	16
135	GCT	9
136	TGA	0
