#Num	Codon	Coverage
0	ATG	127
1	GCG	217
2	CGT	42
3	ACG	101
4	AAG	379
5	CAG	2811
6	ACT	701
7	GCT	747
8	CGC	752
9	AAG	490
10	TCC	313
11	ACC	39
12	GGC	57
13	GGC	176
14	AAG	38
15	GCT	19
16	CCG	12
17	CGC	5
18	AAG	8
19	CAG	51
20	CTG	0
21	GCC	0
22	ACC	4
23	AAG	1
24	GCG	2
25	GCT	10
26	CGG	39
27	AAG	13
28	AGC	4
29	GCT	4
30	CCG	5
31	GCC	14
32	ACC	2
33	GGC	47
34	GGT	4
35	GTC	6
36	AAG	15
37	AAG	2
38	CCC	7
39	CAT	11
40	CGC	8
41	TAT	2
42	CGG	0
43	CCT	5
44	GGT	23
45	ACA	20
46	GTG	17
47	GCT	22
48	CTC	15
49	CGC	15
50	GAG	4
51	ATT	14
52	CGC	0
53	CGC	1
54	TAC	1
55	CAG	30
56	AAG	13
57	TCC	25
58	ACC	6
59	GAG	10
60	CTG	10
61	CTG	22
62	ATC	16
63	AGA	0
64	AAG	2
65	CTG	3
66	CCT	0
67	TTT	8
68	CAG	23
69	CGT	2
70	CTG	6
71	GTG	34
72	CGT	2
73	GAG	4
74	ATC	0
75	GCG	0
76	CAG	0
77	GAC	5
78	TTC	1
79	AAG	6
80	ACC	13
81	GAC	17
82	TTG	19
83	CGC	9
84	TTC	4
85	CAG	3
86	AGC	6
87	TCC	1
88	GCG	3
89	GTG	21
90	ATG	4
91	GCG	0
92	CTG	7
93	CAA	5
94	GAG	3
95	GCA	4
96	TGC	7
97	GAG	19
98	GCC	4
99	TAC	1
100	CTG	2
101	GTG	6
102	GGG	5
103	CTC	10
104	TTT	1
105	GAG	21
106	GAC	6
107	ACC	4
108	AAC	3
109	CTG	17
110	TGC	4
111	GCC	4
112	ATC	12
113	CAC	9
114	GCC	1
115	AAG	3
116	CGG	11
117	GTG	24
118	ACT	18
119	ATC	8
120	ATG	8
121	CCC	25
122	AAG	96
123	GAC	36
124	ATC	12
125	CAG	21
126	CTC	22
127	GCA	3
128	CGT	4
129	CGT	1
130	ATC	1
131	CGC	0
132	GGC	1
133	GAG	1
134	AGG	0
135	GCT	1
136	TGA	0
